Date,Nr. Winners,Prize
30.03.25,1,"31567186,8"
12.12.24,1,"519397,36"
08.12.24,1,"1622010,08"
01.12.24,1,"4511066,8"
14.11.24,1,"47703321,4"
28.04.24,1,"3610326,64"
11.04.24,1,"9646132,64"
25.02.24,1,"36450832,24"
17.09.23,1,"13829095,2"
25.06.23,1,"50096011,76"
03.11.22,1,"19198843,92"
02.06.22,1,"8496320,8"
27.03.22,1,"14823497,68"
12.12.21,1,5606404
21.10.21,1,"7646117,84"
12.08.21,1,"4434971,2"
27.06.21,1,"2797744,4"
03.06.21,1,"14307599,36"
07.02.21,1,"8420611,68"
06.12.20,1,"7130807,28"
13.09.20,1,3375310
16.08.20,1,"7701195,92"
01.03.20,1,"8199947,52"
31.12.19,1,3737765
22.12.19,1,"22954442,36"
18.07.19,1,"4651706,4"
02.06.19,1,"2898134,8"
12.05.19,1,22265937
02.12.18,1,"17347829,07"
19.07.18,1,"9720865,12"
15.04.18,1,"1375546,09"
08.04.18,1,"6613179,07"
11.02.18,1,"9325973,81"
03.12.17,1,"6372850,87"
08.10.17,1,"4604988,6"
31.08.17,1,"11906912,95"
11.05.17,1,"10286597,39"
29.01.17,1,"715075,24"
22.01.17,1,"16693565,48"
28.07.16,1,"17723482,04"
21.01.16,1,"1822305,2"
30.12.15,2,"16161917,74"
05.04.15,1,"13435030,72"
21.12.14,1,"43810458,68"
02.02.14,1,"3453678,77"
30.12.13,1,1899025
22.12.13,1,"3014025,73"
28.11.13,1,"8782582,73"
15.09.13,1,"11371103,71"
14.07.13,1,"48952706,17"
15.11.12,1,"2862591,8"
14.10.12,1,"5078377,31"
19.08.12,1,"20283270,27"
01.04.12,1,"12122935,78"
05.01.12,1,"9804041,01"
13.11.11,1,"31510612,49"
24.04.11,1,"41997089,75"
24.10.10,1,"1739344,02"
10.10.10,3,"249352,82"
03.10.10,1,"3034602,94"
12.09.10,1,"1482576,36"
29.08.10,1,"26290040,3"
07.03.10,1,"7156255,76"
17.01.10,1,"3723299,12"
24.12.09,1,40176609
07.06.09,1,"46171670,14"
14.12.08,1,"1131529,41"
07.12.08,1,"3414107,99"
09.11.08,2,"9440935,54"
10.08.08,1,"13319796,36"
25.05.08,2,"14612299,33"
27.01.08,1,"46931797,23"
26.08.07,1,"34227789,05"
06.05.07,1,"5668783,19"
08.04.07,1,"9880604,19"
25.03.07,1,"11552266,99"
14.01.07,1,"10470492,4"
01.10.06,1,"7114640,8"
09.07.06,1,"1567314,4"
18.06.06,1,"14712583,31"
05.02.06,1,"4893062,24"
01.01.06,1,"17730355,67"
02.10.05,2,"4225325,7"
14.08.05,1,8514148
05.06.05,1,"17381610,04"
27.03.05,1,"9737271,2"
06.02.05,1,"6702176,7"
02.01.05,1,4576744
